Workbook

Sheet Liste
A1: TC KİMLİK NO | B1: ADI SOYADI | C1: DOĞUM YERİ | D1: KREDİ BORCU | E1: BANKA | F1: KREDİ TÜRÜ | H1: TC KİMLİK NO | I1: 30692788053
A2: 30932788317 | B2: Mustafa Mutlu | C2: Giresun | D2: 32000 | E2: X BANKASI | F2: EMLAK | H2: ADI SOYADI
A3: 30892788273 | B3: Kerem Koç | C3: Manisa | D3: 43000 | E3: Y BANKASI | F3: EMLAK | H3: DOĞUM YERİ
A4: 30852788229 | B4: Ahmet Zengin | C4: Kastamonu | D4: 2000 | E4: Z BANKASI | F4: OTOMOBİL | H4: KREDİ BORCU
A5: 30812788185 | B5: Zekeriya Yaprak | C5: Siirt | D5: 32000 | E5: X BANKASI | F5: OTOMOBİL | H5: BANKA
A6: 30772788141 | B6: Zeki Arslan | C6: Muş | D6: 43000 | E6: X BANKASI | F6: EVLİLİK | H6: KREDİ TÜRÜ
A7: 30732788097 | B7: Zeki Kılıç | C7: Edirne | D7: 54000 | E7: X BANKASI | F7: EMLAK
A8: 30692788053 | B8: Gökhan Sözmez | C8: Giresun | D8: 65000 | E8: X BANKASI | F8: EMLAK
A9: 30652788009 | B9: Ahmet Ali Demir | C9: Samsun | D9: 76000 | E9: X BANKASI | F9: OTOMOBİL
A10: 30612787965 | B10: Zekeriya Sapmaz | C10: Adıyaman | D10: 87000 | E10: X BANKASI | F10: OTOMOBİL
A11: 30572787921 | B11: Kerem Mutlugil | C11: Uşak | D11: 98000 | E11: X BANKASI | F11: EVLİLİK
A12: 30532787877 | B12: Ahmet Ali Yaprak | C12: Mersin | D12: 342000 | E12: Y BANKASI | F12: EMLAK
A13: 30492787833 | B13: Semih Haktanır | C13: Zonguldak | D13: 21000 | E13: Z BANKASI | F13: EMLAK
A14: 30452787789 | B14: Metin Haktan | C14: Giresun | D14: 56000 | E14: X BANKASI | F14: OTOMOBİL
A15: 30412787745 | B15: Mustafa Aydın | C15: Aydın | D15: 76000 | E15: Y BANKASI | F15: OTOMOBİL
A16: 30372787701 | B16: Kerem Mutlu | C16: K.Maraş | D16: 87000 | E16: Z BANKASI | F16: EVLİLİK
A17: 30332787657 | B17: Kerem Koç | C17: Hatay | D17: 9000 | E17: X BANKASI | F17: EMLAK
A18: 30292787613 | B18: Mustafa Zengin | C18: Giresun | D18: 32000 | E18: Y BANKASI | F18: EMLAK
... A99: 27052784049 | B99: Ahmet Koç | C99: Aydın | D99: 98000 | E99: Y BANKASI | F99: OTOMOBİL

Sheet KAYITLAR
A1: Ürün Kodu | B1: Ürün Adı | C1: Ürün Fiyatı | E1: Firma Adı | F1: İskonto | H1: Ürün Kodu | I1: Ürün Fiyatı | K1: Firma Adı | L1: İskonto
A2: T100 | B2: TV | C2: 550 | E2: Gima | F2: 0.12 | H2: T100 | I2: =VLOOKUP(H2,A1:C7,3,0) -> 550 | K2: Carrefour | L2: =VLOOKUP(K2,E1:F5,2,0) -> 0.14
A3: D200 | B3: Dolap | C3: 800 | E3: Migros | F3: 0.08
A4: M150 | B4: Masa | C4: 300 | E4: Carrefour | F4: 0.14
A5: K300 | B5: Kasa | C5: 700 | E5: TeknoSa | F5: 0.11
A6: C230 | B6: Computer | C6: 1300
A7: K150 | B7: Klavye | C7: 20
E9: Ürün Kodu | F9: Ürün Adı
E10: T100 | F10: =VLOOKUP(E10,A$1:C$7,2,0) -> TV
E11: K300 | F11: =VLOOKUP(E11,A$1:C$7,2,0) -> Kasa
E12: M150 | F12: =VLOOKUP(E12,A$1:C$7,2,0) -> Masa
E13: C230 | F13: =VLOOKUP(E13,A$1:C$7,2,0) -> Computer
E14: K300 | F14: =VLOOKUP(E14,A$1:C$7,2,0) -> Kasa
E15: K150 | F15: =VLOOKUP(E15,A$1:C$7,2,0) -> Klavye
E16: M150 | F16: =VLOOKUP(E16,A$1:C$7,2,0) -> Masa
E17: C230 | F17: =VLOOKUP(E17,A$1:C$7,2,0) -> Computer
E18: K300 | F18: =VLOOKUP(E18,A$1:C$7,2,0) -> Kasa
E19: C230 | F19: =VLOOKUP(E19,A$1:C$7,2,0) -> Computer
E20: K150 | F20: =VLOOKUP(E20,A$1:C$7,2,0) -> Klavye

Sheet SONUÇLAR
A1: Firma Adı | B1: Ürün Kodu | C1: Adeti | D1: Ürün Adı | E1: İskonto | F1: Ürün Fiyatı | G1: Toplam Tutar
A2: Migros | B2: T100 | C2: 20 | D2: =VLOOKUP(B2,KAYITLAR!A:C,2,0) -> TV | E2: =VLOOKUP(A2,KAYITLAR!E:F,2,0) -> 0.08 | F2: =VLOOKUP(B2,KAYITLAR!A1:C7,3,0) -> 550
A3: Carrefour | B3: K300 | C3: 15 | D3: =VLOOKUP(B3,KAYITLAR!A:C,2,0) -> Kasa | E3: =VLOOKUP(A3,KAYITLAR!E:F,2,0) -> 0.14 | F3: =VLOOKUP(B3,KAYITLAR!A2:C8,3,0) -> 700
A4: Gima | B4: M150 | C4: 22 | D4: =VLOOKUP(B4,KAYITLAR!A:C,2,0) -> Masa | E4: =VLOOKUP(A4,KAYITLAR!E:F,2,0) -> 0.12 | F4: =VLOOKUP(B4,KAYITLAR!A3:C9,3,0) -> 300
A5: TeknoSa | B5: C230 | C5: 15 | D5: =VLOOKUP(B5,KAYITLAR!A:C,2,0) -> Computer | E5: =VLOOKUP(A5,KAYITLAR!E:F,2,0) -> 0.11 | F5: =VLOOKUP(B5,KAYITLAR!A4:C10,3,0) -> 1300
A6: Gima | B6: K300 | C6: 9 | D6: =VLOOKUP(B6,KAYITLAR!A:C,2,0) -> Kasa | E6: =VLOOKUP(A6,KAYITLAR!E:F,2,0) -> 0.12 | F6: =VLOOKUP(B6,KAYITLAR!A5:C11,3,0) -> 700
A7: TeknoSa | B7: K150 | C7: 22 | D7: =VLOOKUP(B7,KAYITLAR!A:C,2,0) -> Klavye | E7: =VLOOKUP(A7,KAYITLAR!E:F,2,0) -> 0.11 | F7: =VLOOKUP(B7,KAYITLAR!A6:C12,3,0) -> 20
A8: Carrefour | B8: M150 | C8: 12 | D8: =VLOOKUP(B8,KAYITLAR!A:C,2,0) -> Masa | E8: =VLOOKUP(A8,KAYITLAR!E:F,2,0) -> 0.14 | F8: =VLOOKUP(B8,KAYITLAR!A7:C13,3,0) -> #N/A
A9: Migros | B9: C230 | C9: 10 | D9: =VLOOKUP(B9,KAYITLAR!A:C,2,0) -> Computer | E9: =VLOOKUP(A9,KAYITLAR!E:F,2,0) -> 0.08 | F9: =VLOOKUP(B9,KAYITLAR!A8:C14,3,0) -> #N/A
A10: Carrefour | B10: K300 | C10: 15 | D10: =VLOOKUP(B10,KAYITLAR!A:C,2,0) -> Kasa | E10: =VLOOKUP(A10,KAYITLAR!E:F,2,0) -> 0.14 | F10: =VLOOKUP(B10,KAYITLAR!A9:C15,3,0) -> #N/A
A11: Gima | B11: C230 | C11: 22 | D11: =VLOOKUP(B11,KAYITLAR!A:C,2,0) -> Computer | E11: =VLOOKUP(A11,KAYITLAR!E:F,2,0) -> 0.12 | F11: =VLOOKUP(B11,KAYITLAR!A10:C16,3,0) -> #N/A
A12: TeknoSa | B12: K150 | C12: 15 | D12: =VLOOKUP(B12,KAYITLAR!A:C,2,0) -> Klavye | E12: =VLOOKUP(A12,KAYITLAR!E:F,2,0) -> 0.11 | F12: =VLOOKUP(B12,KAYITLAR!A11:C17,3,0) -> #N/A

Sheet 2019
A1: Memur No | B1: Ad | C1: Soyad | D1: AdSoyad | E1: Görev | F1: Telefon | G1: Daire | H1: MemurKart | I1: İşe Başlama | J1: Doğum Tarihi | M1: Memur No | N1: Sıra | O1: AdSoyad | P1: AdSoyad
A2: 16666 | B2: Mesut | C2: Garip | D2: =CONCATENATE(B2&" "&C2) -> Mesut Garip | E2: Muhasebe Yrd. | F2: 2161234558 | G2: Muhasebe | H2: ="M"&A2 -> M16666 | I2: 31446 | J2: 23702 | M2: 1055 | N2: =MATCH(M2,A:A,0) -> 6 | O2: =INDEX(D:D,N2,0) -> Aslı Akkuzu | P2: =INDEX(D:D,MATCH(M2,A:A,0)) -> Aslı Akkuzu
A3: 1012 | B3: Pınar | C3: Otçu | D3: =CONCATENATE(B3&" "&C3) -> Pınar Otçu | E3: Makine Mühendisi | F3: 2161234559 | G3: Mühendislik | H3: ="M"&A3 -> M1012 | I3: 31438 | J3: 23713 | M3: 1068 | N3: =MATCH(M3,A:A,0) -> 9 | O3: =INDEX(D:D,N3,0) -> Işık Makas | P3: =INDEX(D:D,MATCH(M3,A:A,0)) -> Işık Makas
A4: 1041 | B4: Tekin | C4: Tercan | D4: =CONCATENATE(B4&" "&C4) -> Tekin Tercan | E4: Grup Yönetim Yrd. | F4: 2161234560 | G4: Araştırma | H4: ="M"&A4 -> M1041 | I4: 33710 | J4: 23767 | M4: 1079 | N4: =MATCH(M4,A:A,0) -> 13 | O4: =INDEX(D:D,N4,0) -> Nida Pala | P4: =INDEX(D:D,MATCH(M4,A:A,0)) -> Nida Pala
A5: 1054 | B5: Leyla | C5: Saatçioğlu | D5: =CONCATENATE(B5&" "&C5) -> Leyla Saatçioğlu | E5: Tasarım Yrd. | F5: 2161234561 | G5: Sanat | H5: ="M"&A5 -> M1054 | I5: 33344 | J5: 24693 | M5: 1153 | N5: =MATCH(M5,A:A,0) -> 16 | O5: =INDEX(D:D,N5,0) -> Nadiye Nalbant | P5: =INDEX(D:D,MATCH(M5,A:A,0)) -> Nadiye Nalbant
A6: 1055 | B6: Aslı | C6: Akkuzu | D6: =CONCATENATE(B6&" "&C6) -> Aslı Akkuzu | E6: Grup Yönetim Yrd. | F6: 2161234562 | G6: Pazarlama | H6: ="M"&A6 -> M1055 | I6: 33336 | J6: 24704
A7: 1056 | B7: Erdal | C7: Geçimsiz | D7: =CONCATENATE(B7&" "&C7) -> Erdal Geçimsiz | E7: Birim Yön. | F7: 2161234563 | G7: Yönetim | H7: ="M"&A7 -> M1056 | I7: 29153 | J7: 13751
A8: 1067 | B8: Faruk | C8: Yaylşacı | D8: =CONCATENATE(B8&" "&C8) -> Faruk Yaylşacı | E8: Tasarım Uzmanı | F8: 2161234564 | G8: Sanat | H8: ="M"&A8 -> M1067 | I8: 32040 | J8: 22554
A9: 1068 | B9: Işık | C9: Makas | D9: =CONCATENATE(B9&" "&C9) -> Işık Makas | E9: Makine Mühendisi | F9: 2161234565 | G9: Mühendislik | H9: ="M"&A9 -> M1068 | I9: 32032 | J9: 22565
A10: 1075 | B10: Jale | C10: Kabak | D10: =CONCATENATE(B10&" "&C10) -> Jale Kabak | E10: Tasarım Yrd. | F10: 2161234566 | G10: Sanat | H10: ="M"&A10 -> M1075 | I10: 33823 | J10: 25443 | M10: MemurKart | N10: Görev | P10: Görev
A11: 1076 | B11: Sonkar | C11: Müderrisoğlu | D11: =CONCATENATE(B11&" "&C11) -> Sonkar Müderrisoğlu | E11: şef Mühendis | F11: 2161234567 | G11: Mühendislik | H11: ="M"&A11 -> M1076 | I11: 29066 | J11: 14862 | M11: M1054 | N11: =MATCH(M11,H:H,0) -> 5 | O11: =INDEX(E:E,N11,0) -> Tasarım Yrd. | P11: =INDEX(E:E,MATCH(M11,H:H,0)) -> Tasarım Yrd.
A12: 1078 | B12: Zeynel | C12: Hebelek | D12: =CONCATENATE(B12&" "&C12) -> Zeynel Hebelek | E12: Yönetim Yrd. | F12: 2161234568 | G12: Pazarlama | H12: ="M"&A12 -> M1078 | I12: 31503 | J12: 22971 | M12: M1068 | N12: =MATCH(M12,H:H,0) -> 9 | O12: =INDEX(E:E,N12,0) -> Makine Mühendisi | P12: =INDEX(E:E,MATCH(M12,H:H,0)) -> Makine Mühendisi
A13: 1079 | B13: Nida | C13: Pala | D13: =CONCATENATE(B13&" "&C13) -> Nida Pala | E13: Yönetim Yrd. | F13: 2161234569 | G13: Yönetim | H13: ="M"&A13 -> M1079 | I13: 31495 | J13: 22982 | M13: M1154 | N13: =MATCH(M13,H:H,0) -> 17 | O13: =INDEX(E:E,N13,0) -> Yazılım Mühendisi | P13: =INDEX(E:E,MATCH(M13,H:H,0)) -> Yazılım Mühendisi
A14: 1080 | B14: Fazıl | C14: Feslioğlu | D14: =CONCATENATE(B14&" "&C14) -> Fazıl Feslioğlu | E14: Araştırma Görevlisi | F14: 2161234570 | G14: Araştırma | H14: ="M"&A14 -> M1080 | I14: 32445 | J14: 19334 | M14: M1169 | N14: =MATCH(M14,H:H,0) -> 20 | O14: =INDEX(E:E,N14,0) -> Yazılım Mühendisi | P14: =INDEX(E:E,MATCH(M14,H:H,0)) -> Yazılım Mühendisi
A15: 1152 | B15: Uluç | C15: Hendek | D15: =CONCATENATE(B15&" "&C15) -> Uluç Hendek | E15: Muhasebe Yrd. | F15: 2161234571 | G15: Muhasebe | H15: ="M"&A15 -> M1152 | I15: 32894 | J15: 24038 | M15: M1285 | N15: =MATCH(M15,H:H,0) -> 22 | O15: =INDEX(E:E,N15,0) -> Grup Yöneticisi | P15: =INDEX(E:E,MATCH(M15,H:H,0)) -> Grup Yöneticisi
A16: 1153 | B16: Nadiye | C16: Nalbant | D16: =CONCATENATE(B16&" "&C16) -> Nadiye Nalbant | E16: Grup Yönetim Yrd. | F16: 2161234572 | G16: Muhasebe | H16: ="M"&A16 -> M1153 | I16: 32886 | J16: 24049 | M16: M1300 | N16: =MATCH(M16,H:H,0) -> 29 | O16: =INDEX(E:E,N16,0) -> Muhasebeci | P16: =INDEX(E:E,MATCH(M16,H:H,0)) -> Muhasebeci
A17: 1154 | B17: Selçuk | C17: Doğulu | D17: =CONCATENATE(B17&" "&C17) -> Selçuk Doğulu | E17: Yazılım Mühendisi | F17: 2161234573 | G17: Mühendislik | H17: ="M"&A17 -> M1154 | I17: 31965 | J17: 20400
A18: 1167 | B18: Orkun | C18: Bağcı | D18: =CONCATENATE(B18&" "&C18) -> Orkun Bağcı | E18: Satış Sorumlusu | F18: 2161234574 | G18: Pazarlama | H18: ="M"&A18 -> M1167 | I18: 33346 | J18: 25746
A19: 1168 | B19: Münevver | C19: Aydın | D19: =CONCATENATE(B19&" "&C19) -> Münevver Aydın | E19: Grup Yönetim Yrd. | F19: 2161234575 | G19: Mühendislik | H19: ="M"&A19 -> M1168 | I19: 33338 | J19: 25757
A20: 1169 | B20: Güvenç | C20: Deniz | D20: =CONCATENATE(B20&" "&C20) -> Güvenç Deniz | E20: Yazılım Mühendisi | F20: 2161234576 | G20: Mühendislik | H20: ="M"&A20 -> M1169 | I20: 33890 | J20: 25761
A21: 1284 | B21: Yaşar | C21: Barut | D21: =CONCATENATE(B21&" "&C21) -> Yaşar Barut | E21: Ürün Pazarlayıcı | F21: 2161234577 | G21: Pazarlama | H21: ="M"&A21 -> M1284 | I21: 31051 | J21: 22991
A22: 1285 | B22: Markirit | C22: Temürcü | D22: =CONCATENATE(B22&" "&C22) -> Markirit Temürcü | E22: Grup Yöneticisi | F22: 2161234578 | G22: Pazarlama | H22: ="M"&A22 -> M1285 | I22: 31043 | J22: 23002
A23: 1290 | B23: Lamel | C23: Çörk | D23: =CONCATENATE(B23&" "&C23) -> Lamel Çörk | E23: Yönetim Yrd. | F23: 2161234579 | G23: Yönetim | H23: ="M"&A23 -> M1290 | I23: 31050 | J23: 24200
A24: 1291 | B24: şükran | C24: Üleş | D24: =CONCATENATE(B24&" "&C24) -> şükran Üleş | E24: Yönetim Yrd. | F24: 2161234580 | G24: Yönetim | H24: ="M"&A24 -> M1291 | I24: 31042 | J24: 20559
A25: 1292 | B25: Gürhan | C25: şebek | D25: =CONCATENATE(B25&" "&C25) -> Gürhan şebek | E25: Satış Sorumlusu | F25: 2161234581 | G25: Pazarlama | H25: ="M"&A25 -> M1292 | I25: 32101 | J25: 20563
A26: 1293 | B26: Toprak | C26: Paşa | D26: =CONCATENATE(B26&" "&C26) -> Toprak Paşa | E26: Teknisyen | F26: 2161234582 | G26: Mühendislik | H26: ="M"&A26 -> M1293 | I26: 30939 | J26: 19961
A27: 1294 | B27: Oktay | C27: Neşter | D27: =CONCATENATE(B27&" "&C27) -> Oktay Neşter | E27: Makine Mühendisi | F27: 2161234583 | G27: Mühendislik | H27: ="M"&A27 -> M1294 | I27: 30931 | J27: 19972
A28: 1299 | B28: Ömür | C28: Saltık | D28: =CONCATENATE(B28&" "&C28) -> Ömür Saltık | E28: Teknisyen Yrd. | F28: 2161234584 | G28: Mühendislik | H28: ="M"&A28 -> M1299 | I28: 32863 | J28: 23998
... A115: 2008 | B115: Lütfü | C115: Meral | D115: =CONCATENATE(B115&" "&C115) -> Lütfü Meral | E115: Tasarım Uzmanı | F115: 2161234671 | G115: Sanat | H115: ="M"&A115 -> M2008 | I115: 29385 | J115: 24730

Sheet 2020
A1: Memur No | B1: Ad | C1: Soyad | D1: Görev | E1: Daire | F1: ışe Başlama | G1: Doğum Tarihi
A2: 16666 | B2: Mesut | C2: Garip | D2: =VLOOKUP(A2,'2019'!A:E,5,0) -> Muhasebe Yrd. | E2: =VLOOKUP(A2,'2019'!A:G,7,0) -> Muhasebe | F2: =VLOOKUP(A2,'2019'!A:I,9,0) -> 31446 | G2: =VLOOKUP(A2,'2019'!A:J,10,0) -> 23702
A3: 1041 | B3: Tekin | C3: Tercan | D3: =VLOOKUP(A3,'2019'!A:E,5,0) -> Grup Yönetim Yrd. | E3: =VLOOKUP(A3,'2019'!A:G,7,0) -> Araştırma | F3: =VLOOKUP(A3,'2019'!A:I,9,0) -> 33710 | G3: =VLOOKUP(A3,'2019'!A:J,10,0) -> 23767
A4: 1055 | B4: Aslı | C4: Akkuzu | D4: =VLOOKUP(A4,'2019'!A:E,5,0) -> Grup Yönetim Yrd. | E4: =VLOOKUP(A4,'2019'!A:G,7,0) -> Pazarlama | F4: =VLOOKUP(A4,'2019'!A:I,9,0) -> 33336 | G4: =VLOOKUP(A4,'2019'!A:J,10,0) -> 24704
A5: 1056 | B5: Erdal | C5: Geçimsiz | D5: =VLOOKUP(A5,'2019'!A:E,5,0) -> Birim Yön. | E5: =VLOOKUP(A5,'2019'!A:G,7,0) -> Yönetim | F5: =VLOOKUP(A5,'2019'!A:I,9,0) -> 29153 | G5: =VLOOKUP(A5,'2019'!A:J,10,0) -> 13751
A6: 1067 | B6: Faruk | C6: Yaylşacı | D6: =VLOOKUP(A6,'2019'!A:E,5,0) -> Tasarım Uzmanı | E6: =VLOOKUP(A6,'2019'!A:G,7,0) -> Sanat | F6: =VLOOKUP(A6,'2019'!A:I,9,0) -> 32040 | G6: =VLOOKUP(A6,'2019'!A:J,10,0) -> 22554
A7: 1068 | B7: Işık | C7: Makas | D7: =VLOOKUP(A7,'2019'!A:E,5,0) -> Makine Mühendisi | E7: =VLOOKUP(A7,'2019'!A:G,7,0) -> Mühendislik | F7: =VLOOKUP(A7,'2019'!A:I,9,0) -> 32032 | G7: =VLOOKUP(A7,'2019'!A:J,10,0) -> 22565
A8: 1075 | B8: Jale | C8: Kabak | D8: =VLOOKUP(A8,'2019'!A:E,5,0) -> Tasarım Yrd. | E8: =VLOOKUP(A8,'2019'!A:G,7,0) -> Sanat | F8: =VLOOKUP(A8,'2019'!A:I,9,0) -> 33823 | G8: =VLOOKUP(A8,'2019'!A:J,10,0) -> 25443
A9: 1076 | B9: Sonkar | C9: Müderrisoğlu | D9: =VLOOKUP(A9,'2019'!A:E,5,0) -> şef Mühendis | E9: =VLOOKUP(A9,'2019'!A:G,7,0) -> Mühendislik | F9: =VLOOKUP(A9,'2019'!A:I,9,0) -> 29066 | G9: =VLOOKUP(A9,'2019'!A:J,10,0) -> 14862
A10: 1078 | B10: Zeynel | C10: Hebelek | D10: =VLOOKUP(A10,'2019'!A:E,5,0) -> Yönetim Yrd. | E10: =VLOOKUP(A10,'2019'!A:G,7,0) -> Pazarlama | F10: =VLOOKUP(A10,'2019'!A:I,9,0) -> 31503 | G10: =VLOOKUP(A10,'2019'!A:J,10,0) -> 22971
A11: 1080 | B11: Fazıl | C11: Feslioğlu | D11: =VLOOKUP(A11,'2019'!A:E,5,0) -> Araştırma Görevlisi | E11: =VLOOKUP(A11,'2019'!A:G,7,0) -> Araştırma | F11: =VLOOKUP(A11,'2019'!A:I,9,0) -> 32445 | G11: =VLOOKUP(A11,'2019'!A:J,10,0) -> 19334
A12: 1152 | B12: Uluç | C12: Hendek | D12: =VLOOKUP(A12,'2019'!A:E,5,0) -> Muhasebe Yrd. | E12: =VLOOKUP(A12,'2019'!A:G,7,0) -> Muhasebe | F12: =VLOOKUP(A12,'2019'!A:I,9,0) -> 32894 | G12: =VLOOKUP(A12,'2019'!A:J,10,0) -> 24038
A13: 1153 | B13: Nadiye | C13: Nalbant | D13: =VLOOKUP(A13,'2019'!A:E,5,0) -> Grup Yönetim Yrd. | E13: =VLOOKUP(A13,'2019'!A:G,7,0) -> Muhasebe | F13: =VLOOKUP(A13,'2019'!A:I,9,0) -> 32886 | G13: =VLOOKUP(A13,'2019'!A:J,10,0) -> 24049
... A91: 2008 | B91: Lütfü | C91: Meral | D91: =VLOOKUP(A91,'2019'!A:E,5,0) -> Tasarım Uzmanı | E91: =VLOOKUP(A91,'2019'!A:G,7,0) -> Sanat | F91: =VLOOKUP(A91,'2019'!A:I,9,0) -> 29385 | G91: =VLOOKUP(A91,'2019'!A:J,10,0) -> 24730

Sheet Yaklaşık Eşleşme
A1: Satış Ekipleri | B1: Toplam Ciro | C1: Başarı | F1: Ciro | G1: Başarı
A2: G1 | B2: 120000 | C2: =IFERROR(VLOOKUP(B2,F:G,2,1),"Tanımlı Değil") -> Başarısız | F2: 100000 | G2: Başarısız
A3: G2 | B3: 89000 | C3: =IFERROR(VLOOKUP(B3,F:G,2,1),"Tanımlı Değil") -> Tanımlı Değil | F3: 150000 | G3: Vasat
A4: G3 | B4: 136000 | C4: =IFERROR(VLOOKUP(B4,F:G,2,1),"Tanımlı Değil") -> Başarısız | F4: 200000 | G4: Orta
A5: G4 | B5: 310000 | C5: =IFERROR(VLOOKUP(B5,F:G,2,1),"Tanımlı Değil") -> Harika | F5: 250000 | G5: İyi
A6: G5 | B6: 111000 | C6: =IFERROR(VLOOKUP(B6,F:G,2,1),"Tanımlı Değil") -> Başarısız | F6: 300000 | G6: Harika
A7: G6 | B7: 260000 | C7: =IFERROR(VLOOKUP(B7,F:G,2,1),"Tanımlı Değil") -> İyi
A8: G7 | B8: 198000 | C8: =IFERROR(VLOOKUP(B8,F:G,2,1),"Tanımlı Değil") -> Vasat
A9: G8 | B9: 145000 | C9: =IFERROR(VLOOKUP(B9,F:G,2,1),"Tanımlı Değil") -> Başarısız
A10: G9 | B10: 167000 | C10: =IFERROR(VLOOKUP(B10,F:G,2,1),"Tanımlı Değil") -> Vasat
A11: G10 | B11: 104000 | C11: =IFERROR(VLOOKUP(B11,F:G,2,1),"Tanımlı Değil") -> Başarısız
